0,1,2
-15.789343,-47.925755,1148.0
-16.642841,-49.220222,728.0
-17.745066,-49.1017,740.0
-13.309528,-49.117477,366.0
-10.190744,-48.30181,275.0
-12.614893,-47.871918,280.0
-18.969143,-50.63345,486.0
-16.260542,-47.96696,990.0
-15.902658,-52.24517,333.0
-15.939729,-50.141434,533.0
-14.979792,-49.539978,524.0
-17.923622,-51.71747,667.0
-14.08921,-46.366497,792.0
-12.015377,-48.544518,240.0
-11.745782,-49.0497,279.0
-8.968677,-48.177258,186.0
-7.103954,-48.20123,225.0
-15.220278,-48.99,659.0
-16.966944,-51.8175,731.0
-14.133056,-47.523335,1242.0
-17.785303,-50.96487,771.0
-17.454721,-52.601112,848.0
-16.962536,-50.42545,670.0
-16.42306,-51.1488,609.0
-17.336945,-49.914722,604.0
-12.820489,-50.335968,215.0
-13.253521,-46.890327,550.0
-17.304167,-48.28417,757.27
-18.15478,-47.927612,866.0
-18.409761,-49.192062,477.0
-16.784897,-47.612965,1207.0
-16.679787,-48.61817,937.0
-11.594448,-46.84721,719.0
-11.8875,-49.608334,218.0
-10.434441,-45.92194,792.0
-9.576389,-49.72333,186.0
-15.599722,-48.13111,1334.0
-8.154722,-46.639446,399.0
-5.643725,-48.11184,149.0
-15.596491,-47.6258,1042.0
-15.935278,-48.1375,969.0
-16.012222,-47.55742,1045.0
-7.124191,-48.781265,200.0
-8.092708,-48.478603,205.0
-9.793363,-47.132732,308.0
-10.476944,-49.629475,191.0
-11.429018,-48.18489,294.0
-11.284098,-47.212124,503.0
-12.592213,-49.528736,218.0
-10.828286,-49.84788,190.0
-16.399315,-47.625843,933.0
-3.103611,-60.015556,55.0
-9.358334,-69.92639,189.0
-9.957778,-68.165276,207.0
-7.610773,-72.681335,213.0
-6.6502776,-69.868614,121.0
-8.776804,-67.33256,111.0
-7.260681,-64.7885,63.0
-7.55252,-63.071342,54.0
-7.205475,-59.88856,142.0
-4.097483,-63.14532,42.0
-3.294638,-60.628403,26.0
-3.583333,-59.12944,20.0
-3.133333,-58.48278,12.0
-3.39901,-57.67377,21.0
-2.639152,-56.756176,18.0
-2.534749,-57.7581,14.0
-2.633654,-59.600582,114.0
-2.056558,-60.025757,72.0
-0.987292,-62.92425,35.0
-5.788533,-61.288277,39.0
-0.125207,-67.06125,73.0
2.816897,-60.690823,83.0
-8.267197,-72.74784,201.0
-8.950008,-72.78678,222.0
-8.142654,-70.3436,169.0
-11.023752,-68.73518,229.0
-8.091111,-60.380554,118.0
-1.411228,-48.43951,21.0
-1.300875,-47.947968,46.0
-2.5266666,-44.21361,51.0
-7.455609,-46.027546,258.0
-7.337269,-47.45984,181.0
-3.742674,-43.352085,102.0
-5.816111,-46.162224,225.0
-3.510943,-52.96345,244.0
-3.843611,-50.638054,80.0
-3.86404,-54.216415,105.0
-2.9902778,-47.407776,137.0
-2.5925,-48.360554,35.0
-4.827501,-48.173557,221.0
-0.618884,-47.356598,20.0
-6.639622,-51.956966,200.0
-2.270811,-43.624043,8.0
-2.592341,-42.707554,6.0
-1.661224,-45.37257,26.0
-4.2430553,-44.795,24.0
-5.5066667,-45.236946,150.0
-6.033167,-44.233402,178.0
-9.108199,-45.932014,280.0
-6.653333,-47.418335,180.0
-5.555723,-47.459793,125.0
-1.0472223,-46.78583,26.0
-0.7277778,-48.515835,12.0
-1.680251,-50.478138,9.0
-3.8227777,-49.675,90.0
-6.077427,-50.142265,702.0
-4.2769446,-55.993057,14.0
-1.880789,-55.519855,43.0
-9.338611,-50.35028,172.0
-6.743208,-51.1419,328.0
-4.243989,-49.93931,112.0
-2.239653,-49.49983,6.0
-4.821352,-43.34366,99.0
-4.320597,-46.449505,145.0
-2.000054,-54.07648,60.0
-5.366447,-49.051167,107.0
-8.30361,-49.28277,166.0
3.813583,-51.8625,38.0
0.69416666,-51.40389,88.0
-6.320067,-55.787785,238.0
-7.110518,-49.92607,245.0
-1.734766,-47.0575,82.0
0.03502,-51.088764,16.0
-2.502572,-54.72028,174.0
0.567833,-50.82353,19.0
-4.2805557,-47.56389,259.0
-3.2702777,-52.394722,180.0
-8.043333,-50.006943,211.0
-3.2691667,-45.65111,36.0
-8.05928,-34.95924,12.0
0.916877,-29.345903,0.0
-9.551111,-35.77028,78.0
-5.837222,-35.208057,45.0
-3.815701,-38.537792,31.0
-3.7480555,-40.345833,103.0
-9.388323,-40.523262,369.0
-3.086656,-41.78314,48.0
-8.433611,-37.055557,687.0
-6.975451,-35.71813,531.0
-6.761389,-43.003334,130.0
-5.034769,-42.801342,70.0
-7.225574,-35.90483,527.0
-4.261351,-38.93107,860.0
-7.300833,-39.27111,419.0
-6.4675,-37.085,173.0
-5.151111,-36.573055,17.0
-4.904087,-37.366943,38.0
-6.396375,-39.268955,219.0
-7.165409,-34.815628,40.0
-7.0797224,-37.272778,259.0
-8.91095,-36.49338,809.0
-9.74922,-37.430763,13.0
-6.017474,-40.281322,403.0
-5.174568,-39.289394,219.0
-9.083333,-44.32639,311.0
-9.420278,-36.620277,264.0
-7.839722,-35.80111,421.0
-8.504,-39.31528,337.0
-8.132288,-41.142944,367.0
-8.364445,-42.2525,249.0
-5.136667,-38.356667,44.0
-6.835777,-38.311584,237.0
-7.8944445,-37.12472,608.0
-4.276047,-41.794567,155.0
-8.441667,-43.865555,274.0
-9.285833,-43.324444,522.0
-3.899365,-42.259483,80.0
-4.7869444,-37.766666,19.0
-5.626559,-37.81499,109.0
-8.365278,-36.02833,859.0
-5.186636,-40.672127,296.0
-7.071111,-41.404167,252.0
-5.159925,-35.487617,1.0
-9.033334,-42.70111,385.0
-7.44142,-44.345055,399.0
-7.07773,-40.36268,579.0
-7.483206,-36.28647,390.0
-8.509444,-37.711666,440.0
-7.954277,-38.295082,556.0
-8.598785,-38.58406,320.0
-6.5619445,-35.135277,130.0
-9.804444,-36.619167,240.0
-6.974135,-42.14683,159.0
-10.128612,-36.28639,51.0
-9.287481,-35.56588,20.0
-8.666667,-35.56792,139.0
-5.9055557,-38.627777,131.0
-3.484298,-39.588715,96.0
-3.121067,-40.087288,67.0
-5.349228,-41.512276,293.0
-5.911033,-42.718727,283.0
-6.399274,-41.739952,321.0
-9.875196,-45.345806,446.0
-8.117939,-42.97572,300.0
-7.885833,-40.102684,454.0
-6.227922,-36.02659,232.0
-3.732164,-41.011887,757.0
-4.978783,-39.057182,202.0
-8.058056,-39.09611,438.0
-9.622261,-37.767113,34.0
-5.534867,-36.872314,23.0
-7.318472,-38.140835,297.0
-10.429167,-45.173054,467.0
-8.333531,-45.094624,522.0
-4.8641667,-42.145557,130.0
-6.0894446,-42.7275,183.0
-13.005515,-38.50576,10.0
-12.1247225,-45.026943,459.0
-12.152394,-45.829746,760.0
-17.739445,-39.25861,0.0
-12.675422,-39.08958,216.0
-13.527828,-40.11975,753.0
-12.524167,-40.29972,245.0
-10.952413,-37.05433,4.0
-14.658803,-39.18144,82.0
-12.131666,-40.354168,340.0
-12.1962,-38.967384,239.0
-14.886428,-40.80133,881.0
-11.002778,-44.525,446.0
-13.3325,-44.6175,536.0
-11.2725,-37.795,206.0
-13.251094,-43.405365,446.0
-10.738055,-38.108334,367.0
-10.399722,-37.7475,285.0
-10.473959,-36.48205,5.0
-17.963017,-38.70329,0.0
-9.625693,-42.077213,395.0
-11.328998,-41.864506,767.0
-12.557854,-41.38881,394.0
-14.208123,-42.749645,544.0
-16.388977,-39.18239,93.0
-10.443072,-40.148243,522.0
-11.084858,-43.138996,408.0
-13.155681,-41.774124,1236.0
-12.035833,-37.683887,34.0
-10.723056,-43.65111,500.0
-14.181886,-41.67228,465.0
-13.009468,-39.616882,384.0
-9.833617,-39.495632,444.0
-10.984645,-39.61701,303.0
-15.280278,-39.09139,27.0
-13.90694,-38.97222,8.0
-12.193055,-43.213333,424.0
-11.205136,-40.464977,474.0
-11.664722,-39.023056,340.0
-10.537233,-38.996605,431.0
-10.45492,-41.206997,682.0
-13.34361,-39.12667,93.12
-14.171389,-39.6925,135.0
-15.24462,-40.22955,264.0
-16.088055,-39.21528,93.0
-9.0013,-39.9124,359.0
-10.018333,-42.50028,400.0
-10.080833,-38.345833,261.0
-10.671667,-37.47139,193.0
-11.052164,-45.200768,488.0
-10.207778,-37.431946,275.0
-13.0389,-42.6172,563.0
-17.006945,-39.558056,104.0
-12.808333,-38.495834,26.0
-11.058722,-38.444027,180.0
-21.228373,-43.767704,1138.0
-19.605696,-46.949615,1031.0
-16.686316,-43.84376,631.0
-18.916945,-48.255554,885.0
-16.166773,-40.687756,188.0
-22.861605,-46.043365,1553.0
-20.762608,-42.864014,698.0
-19.573824,-42.622414,574.0
-18.952908,-49.52507,533.0
-20.556593,-43.75622,982.0
-21.106503,-44.250927,916.0
-21.56639,-45.404167,939.0
-20.745237,-46.633915,768.0
-21.104868,-42.375904,265.0
-21.769964,-43.36433,853.0
-19.53921,-49.51813,561.0
-19.98586,-48.151573,565.0
-19.883945,-43.9694,858.0
-17.7988,-40.24993,190.0
-18.996683,-46.985935,968.0
-20.45493,-45.453827,877.0
-19.875278,-47.434166,950.0
-14.408228,-44.40412,507.0
-17.89284,-41.515423,404.0
-18.200855,-45.459835,886.0
-22.3958,-44.96191,1038.0
-21.918066,-46.382996,1084.0
-22.314568,-45.37305,1325.0
-18.830355,-41.97701,200.0
-18.786842,-42.94292,828.0
-19.532768,-41.0908,265.0
-19.885399,-44.41688,778.0
-19.481936,-45.593933,703.0
-18.231052,-43.64827,1345.0
-18.747711,-44.453785,632.0
-15.085958,-44.016037,453.0
-18.78062,-40.986504,243.0
-17.705503,-42.389256,946.0
-16.554102,-46.881935,637.0
-14.912222,-42.808613,559.0
-15.524167,-46.435555,932.0
-17.258064,-44.8356,500.0
-17.561388,-47.199165,999.0
-16.362747,-45.123802,488.0
-15.300159,-45.61743,870.0
-15.751536,-41.457787,756.0
-16.575666,-41.485588,341.0
-15.723139,-42.43575,838.0
-16.160328,-42.310265,482.0
-17.78477,-46.119392,847.0
-19.735758,-42.137146,592.0
-20.031458,-44.01125,1300.0
-20.263378,-42.182816,850.0
-21.546728,-43.26103,443.0
-15.44809,-44.366314,476.0
-20.909891,-47.114258,836.0
-18.520666,-46.440613,961.0
-15.802778,-43.296944,535.0
-20.173279,-44.874943,784.0
-20.03111,-46.008812,681.0
-16.848888,-42.440556,482.0
-21.680721,-45.94439,858.0
-19.710003,-47.961887,771.0
-19.455288,-44.17338,726.0
-20.714916,-44.864555,1012.0
-17.244362,-46.881668,693.0
-22.757778,-43.684723,30.0
-23.050278,-43.595554,3.0
-22.589722,-43.282223,100.0
-21.5875,-41.958332,77.0
-22.975277,-42.02139,38.0
-21.714722,-41.343887,15.0
-22.376112,-41.811943,14.0
-22.45139,-44.445,422.0
-22.464722,-43.29139,1777.0
-22.358093,-43.695656,368.0
-20.270834,-40.305832,3.0
-19.988388,-40.57957,885.0
-19.356945,-40.06861,31.0
-20.636526,-40.741817,14.19
-18.676197,-39.86405,38.0
-20.750555,-41.488888,135.0
-22.44861,-42.986946,924.0
-23.223612,-44.726944,6.0
-22.041647,-41.051872,0.0
-22.86139,-43.41139,25.0
-21.100805,-41.039394,49.0
-18.695265,-40.39057,145.0
-22.334723,-42.676945,1064.0
-22.098333,-43.208332,336.0
-22.65358,-44.040916,534.0
-22.86739,-43.102055,30.0
-22.975695,-44.303444,6.0
-21.938745,-42.600937,417.0
-21.950556,-42.010277,683.0
-18.29139,-40.73639,242.0
-19.40718,-40.539825,145.0
-20.385555,-41.19,798.0
-20.466944,-40.40389,22.0
-22.373943,-44.70311,2473.0
-22.939882,-43.402897,22.0
-22.988333,-43.190556,0.0
-20.104166,-41.106945,478.0
-22.645834,-42.415554,24.0
-22.87111,-42.60889,13.0
-23.496294,-46.620087,736.0
-20.447195,-54.722614,522.0
-22.552448,-55.716316,662.0
-20.783333,-51.712223,327.0
-22.358051,-49.028877,605.0
-22.75023,-45.603836,1701.0
-22.119867,-51.408638,420.0
-20.584444,-47.3825,997.0
-22.300556,-53.822777,370.0
-19.695517,-51.18177,407.0
-21.980352,-47.883926,842.0
-24.671654,-47.545895,44.0
-23.426035,-47.585552,605.0
-23.981945,-48.885834,710.0
-23.851944,-48.164722,678.0
-22.949,-49.894547,432.0
-18.988682,-56.622868,103.0
-22.372831,-50.97471,392.0
-20.475555,-55.78389,153.0
-18.512222,-54.73611,261.0
-22.19389,-54.91139,459.0
-20.395555,-56.431667,128.0
-21.705833,-57.886665,78.0
-18.99667,-57.6375,145.0
-23.101667,-48.941113,777.0
-22.703056,-47.623333,548.0
-21.666044,-49.734856,468.0
-23.041668,-45.52084,597.0
-20.403221,-49.96603,469.0
-18.802221,-52.6025,824.0
-21.609035,-55.177532,380.0
-19.420279,-54.553055,628.0
-20.165026,-50.595135,466.0
-21.319138,-50.930157,387.0
-21.085674,-49.920387,413.0
-21.133055,-48.840557,542.0
-21.855556,-48.79972,459.0
-21.78056,-47.07528,736.0
-22.415062,-46.80529,670.0
-23.228333,-45.416943,864.0
-22.471205,-48.55757,500.0
-19.12247,-51.720734,477.0
-21.77494,-54.528107,312.0
-22.951944,-46.530556,875.0
-24.962818,-48.416378,687.0
-21.338432,-48.114006,535.0
-20.559166,-48.545,517.0
-22.857222,-54.605556,375.0
-23.00253,-55.329357,433.0
-23.966944,-55.024166,420.0
-23.449501,-54.181858,326.0
-20.359722,-47.775276,604.0
-20.981667,-54.971943,470.0
-23.52389,-46.86945,739.0
-20.44444,-52.87583,316.0
-22.101667,-56.540833,209.0
-21.478529,-56.13772,251.0
-21.750122,-52.471294,391.0
-18.492777,-53.17139,720.0
-17.635277,-54.76047,500.0
-21.457699,-51.552254,388.0
-22.235222,-49.96511,634.0
-20.949167,-48.49,586.0
-23.844723,-46.143333,10.0
-24.533056,-47.864166,26.0
-23.810722,-45.402527,1.0
-21.927252,-50.49025,488.0
-22.689001,-45.005444,551.0
-23.724451,-46.67751,756.0
-23.7245,-46.6775,756.0
-30.053535,-51.174767,28.0
-32.07878,-52.16774,6.0
-29.72496,-53.72047,101.0
-30.750555,-55.40139,185.0
-27.854345,-53.79118,497.0
-27.60253,-48.620094,1.0
-25.448689,-49.230602,920.0
-29.350277,-49.733334,6.0
-29.83987,-57.081898,79.0
-27.890463,-54.480015,261.0
-31.4033,-52.7007,405.0
-30.545317,-53.46705,401.0
-29.872112,-52.38198,98.0
-28.5325,-49.315277,111.0
-28.27564,-49.934616,1379.0
-26.40639,-52.850277,815.0
-26.913704,-49.26798,89.0
-25.010757,-50.85385,817.0
-24.786955,-49.999268,995.0
-24.533302,-54.01925,408.0
-23.505266,-49.94639,506.0
-24.437346,-51.96302,651.0
-25.567879,-51.077946,1223.0
-23.390278,-53.635834,367.0
-24.158333,-53.030556,453.0
-29.709084,-55.525486,114.0
-31.347801,-54.01329,219.0
-27.65771,-52.305805,790.0
-28.748615,-50.05787,1180.0
-28.650091,-56.016293,87.0
-30.368578,-56.437115,113.05
-30.341438,-54.31091,93.0
-29.191599,-54.885654,403.0
-30.010267,-50.135887,0.0
-23.405277,-51.932777,565.0
-32.534824,-53.37586,29.0
-28.859211,-52.542385,656.0
-30.807953,-51.83424,60.0
-28.226805,-52.403584,668.0
-29.164581,-51.534203,590.0
-27.169268,-51.558964,762.0
-23.415283,-50.577744,661.0
-25.699167,-53.095276,518.0
-28.222382,-51.512844,804.0
-28.126991,-49.47961,1688.0
-25.601944,-54.483055,229.0
-25.494522,-48.326042,3.0
-26.286562,-53.633114,793.0
-22.639366,-52.890156,377.0
-22.658274,-52.134525,298.0
-26.081303,-48.641773,15.0
-28.417112,-54.962402,222.0
-28.60344,-53.673595,422.0
-27.395685,-53.42942,495.0
-25.721863,-53.74792,395.0
-27.920279,-53.318054,607.0
-26.7767,-53.50454,641.0
-26.938665,-52.39809,877.0
-26.819157,-50.98552,928.0
-27.288624,-50.604282,989.0
-26.937527,-50.145447,593.0
-26.248411,-49.580624,845.0
-27.41841,-49.646873,483.0
-26.393612,-50.363335,793.0
-27.802229,-50.335457,920.0
-28.604414,-48.813313,0.0
-28.931353,-49.49792,10.0
-26.950924,-48.76203,21.0
-23.359156,-52.93191,359.0
-27.678612,-49.041943,866.0
-23.77334,-50.18057,719.0
-24.280394,-50.21015,1052.0
-25.508936,-48.80868,38.0
-25.835604,-50.368996,776.0
-26.398474,-51.35367,1001.0
-26.4172,-52.34874,940.0
-31.248333,-50.906387,0.0
-29.368788,-50.827232,839.0
-28.513601,-50.882736,946.0
-31.002527,-54.618137,143.0
-29.450335,-51.824284,58.0
-28.653458,-53.11188,433.0
-29.674294,-51.06404,31.0
-29.089382,-53.82665,453.0
-31.8025,-52.407223,8.0
-29.70211,-54.69432,120.0
-30.543056,-52.524723,422.0
-28.704805,-51.87075,487.0
-27.085312,-52.63571,675.0
-29.049126,-50.149635,1011.0
-27.38861,-51.21583,943.0
-33.7423,-53.37222,1.0
-15.559295,-56.06295,233.0
-14.650117,-57.431557,449.0
-13.453889,-56.677223,356.0
-12.555107,-55.722862,382.0
-13.785833,-57.83861,518.0
-9.952594,-54.897835,292.0
-16.46242,-54.58015,288.0
-14.016389,-52.211666,442.0
-17.33936,-53.22445,736.0
-9.563392,-57.393578,226.0
-10.165833,-59.45111,234.0
-15.531431,-55.13565,709.0
-13.7080555,-59.7625,602.0
-11.280158,-57.52664,268.0
-14.421389,-54.03611,466.0
-12.627222,-52.220833,366.0
-11.982223,-55.566113,368.0
-9.906296,-58.572235,256.0
-11.375126,-58.774784,357.0
-11.618889,-50.72778,193.0
-15.0627775,-59.873055,204.0
-15.58,-54.38111,673.0
-10.077222,-56.179165,307.0
-8.793662,-63.845932,92.0
-9.970586,-55.82754,285.0
-12.521944,-58.231388,426.0
-13.038642,-57.0922,350.0
-13.411111,-54.752224,467.0
-13.184857,-53.257366,378.0
-14.927778,-53.88361,662.0
-16.341667,-53.76611,501.0
-17.17505,-54.50169,581.0
-17.84111,-53.289444,860.0
-15.324722,-57.225834,147.0
-15.1247225,-58.127224,306.0
-15.234582,-59.346214,310.0
-12.734862,-60.157784,586.0
-11.445837,-61.434147,190.0
-9.949001,-62.961872,127.0
-16.074722,-57.693054,122.0
-10.484167,-52.3725,292.0
-11.987778,-51.42611,428.0
-14.828889,-56.441944,198.0
-24.570862,-52.800255,600.0
-25.368944,-52.391945,833.0
-25.322464,-49.157734,951.0
-19.980034,-43.958652,1177.0
-12.43,-64.42,131.0
-2.930556,-69.695274,81.0
-3.0225,-60.055557,74.0
-12.750556,-60.149166,591.0
-4.250556,-69.935,79.0
-4.29,-47.55,253.0
-2.7,-44.85,13.0
-10.79,-65.33278,122.0
-3.8,-47.51,186.0
0.947778,-59.746387,183.0
4.4775,-61.149166,878.0
0.599444,-69.19194,110.0
-4.53,-71.6175,101.0
-3.377222,-64.72305,54.0
-6.237222,-57.775,101.0
-0.414444,-65.0175,38.0
3.3588889,-59.82389,81.0
-22.148083,-53.763737,349.0
-22.955029,-55.626,588.0
-19.94554,-54.368534,635.0
-21.246756,-56.450443,329.0
-21.298279,-52.068916,365.0
-22.657057,-54.819305,440.0
-19.587528,-54.030083,535.0
-22.308695,-54.325832,334.0
-23.644482,-54.57029,341.0
-22.092833,-54.798832,371.0
-22.57539,-55.16033,498.0
-21.450972,-54.341972,419.0
-22.078527,-53.46589,376.0
-18.072779,-54.54889,251.0
-20.466694,-53.763027,443.0
-21.30589,-52.820374,381.0
-20.351444,-51.43022,372.0
-9.959167,-67.86889,158.0
-6.8358335,-38.31167,237.0
-22.57,-46.63,793.0
-22.62,-47.53,607.0
-29.33,-50.52,883.0
-23.48,-47.45,575.0
-26.55,-52.57,645.0
-27.25,-50.58,949.0
-2.68,-44.72,3.0
-21.944145,-45.317738,890.0
-3.8411112,-62.05528,24.0
-1.0636111,-46.865276,36.0
-8.7931,-63.8467,87.0
-13.453982,-56.677322,356.0
-20.02,-44.35,770.0
-9.264722,-37.938057,663.0
-25.33,-49.23,963.0
-19.9,-44.1,899.0
-15.160374,-42.866344,621.0
-19.93,-43.93,918.0
-24.18,-46.78,0.0
-8.503889,-39.315277,337.0
-20.47,-55.8,147.0
-18.12,-39.47,0.0
-19.498383,-42.54161,250.0
-16.154861,-42.28492,475.0
-8.28,-35.97,533.0
-29.23,-53.68,497.0
-30.08,-50.78,85.0
-27.88,-50.7,969.0
-22.28,-48.57,508.0
-19.407223,-40.539722,145.0
-30.98,-54.67,140.0
-8.132222,-41.143055,367.0
-15.75,-43.03,575.0
-8.910833,-36.493332,809.0
-27.78,-54.23,359.0
-24.3,-53.92,326.0
-22.99,-43.37,7.0
-1.751055,-52.236187,10.0
-17.57,-52.55,764.0
-7.0808334,-41.435,229.0
-24.4,-53.73,378.0
-22.33,-45.08,1047.0
-15.63,-53.83,706.0
-5.1,-36.65,0.0
-21.13,-47.98,561.0
-5.8,-42.17,166.0
-19.735765,-42.137222,592.0
-21.46102,-47.579514,628.0
-28.2225,-51.51278,804.0
-27.135666,-52.66293,603.0
-9.420278,-36.620277,264.0
-16.57,-45.93,676.0
-23.49639,-46.62,736.0
-30.03,-52.88,47.0
-18.68,-40.42,153.0
-16.58081,-39.78318,161.0
-10.9525,-37.054443,4.0
-21.47,-47.0,613.0
-22.361065,-43.69803,351.0
-9.12,-37.73,671.0
-23.4,-51.916668,522.0
-6.42,-35.4,92.0
-12.43,-38.97,203.0
-16.43,-41.02,232.0
-27.2,-49.67,367.0
-21.122377,-48.947514,540.0
-22.2865,-43.045918,994.0
-20.35,-43.67,1066.0
-20.636524,-40.741817,27.0
-28.3,-54.25,274.0
-5.837222,-35.20778,45.0
-30.83,-51.58,16.0
-22.48,-44.43,435.0
-12.524167,-40.29972,245.0
-22.42,-45.45,886.0
-13.812876,-41.29985,526.0
-26.85,-52.4,825.0
-16.673056,-49.26389,765.0
-15.802909,-43.297092,535.0
-30.07,-51.22,52.0
-26.25,-50.8,774.0
-16.366268,-46.88932,610.0
-5.136667,-38.356667,44.0
-5.2,-42.25,149.0
-22.52,-43.18,949.0
-13.527828,-40.11975,753.0
-20.15,-43.4,857.0
-22.2,-46.62,1041.0
-19.494871,-41.07765,85.0
-21.72,-57.88,79.0
-23.45,-46.65,814.0
-15.5,-45.17,586.0
-23.038889,-45.515835,597.0
-18.6,-39.73,0.0
-21.78,-48.17,705.0
-14.912222,-42.808613,559.0
-12.691233,-38.337536,35.0
-19.66361,-51.191387,396.0
-6.630799,-51.976013,205.0
-3.9,-42.259445,80.0
-8.433537,-37.055367,687.0
-4.57,-37.77,8.0
-29.448748,-51.799034,65.0
-11.668056,-39.001945,349.0
-21.7,-45.25,846.0
-5.8,-46.45,291.0
-23.58,-46.88,763.0
-19.93,-43.93,918.0
-15.823055,-55.418888,742.0
-6.396389,-39.26889,219.0
-8.259167,-49.26389,172.0
-23.15,-50.6,548.0
-9.58,-35.95,120.0
-12.55,-47.83,333.0
-22.87,-42.02,6.0
-18.77,-42.93,776.0
-18.917051,-48.255676,885.0
-12.288562,-55.29407,384.0
-8.968611,-48.177223,186.0
-6.9755554,-35.718056,531.0
-13.251097,-43.405365,446.0
-25.44861,-49.280834,918.0
-23.42,-47.58,587.0
-7.337222,-47.45972,181.0
-18.238611,-43.616943,1252.0
-21.3,-44.27,1040.0
-19.81,-40.67,222.0
-22.92,-43.18,42.0
-22.757849,-43.685017,30.0
-3.47,-68.8,91.0
-17.724527,-48.171917,750.0
-22.68,-46.72,773.0
-3.7483332,-40.345833,103.0
-22.7,-47.3,583.0
-26.73,-53.58,598.0
-22.42,-44.83,2190.0
-12.97,-38.5,46.0
-22.126272,-45.043327,906.0
-32.55,-53.38,25.0
-23.82,-45.42,642.0
-21.03,-44.78,895.0
-5.1730556,-39.287224,224.0
-12.557854,-41.38881,394.0
-33.531666,-53.350277,23.0
-10.443072,-40.148243,522.0
-23.42,-47.58,587.0
-22.98,-42.03,0.0
-18.747435,-44.454655,663.0
-22.62,-43.47,127.0
-8.365,-42.25028,249.0
-23.72,-46.53,817.0
-17.92361,-51.7175,667.0
-22.72,-47.63,558.0
-20.85,-41.1,32.0
-9.73,-36.77,309.0
-20.016563,-44.084717,846.0
-22.417223,-42.9725,901.0
-18.12,-40.5,256.0
-20.5,-43.7,1058.0
-26.91361,-49.268055,89.0
-20.909924,-47.114243,836.0
-19.416256,-40.073235,19.0
-15.9025,-52.245277,333.0
-27.189451,-53.253338,244.0
-10.15,-36.17,19.0
-9.108334,-45.948612,323.0
-18.5,-54.77,202.0
-22.52,-44.1,411.0
-0.65,-47.55,14.0
-26.13,-49.25,927.0
-30.87,-53.12,282.0
-12.675278,-39.08972,216.0
-11.02,-68.73,221.0
-21.669224,-49.732677,468.0
-3.742684,-43.3521,102.0
-18.365694,-40.840656,252.0
-19.42,-54.58,640.0
-26.23,-51.07,750.0
-16.462416,-54.580143,288.0
-22.4,-50.57,461.0
-14.82,-56.43,207.0
-25.47,-49.43,945.0
-16.775057,-43.667084,677.0
-25.42,-49.28,936.0
-18.170279,-47.958057,840.0
-18.537222,-40.27222,123.0
-29.84,-57.081944,79.0
-22.9,-43.12,19.0
-28.417223,-54.9625,222.0
-29.97,-51.13,3.0
-23.47,-45.3,784.0
-23.015833,-44.329723,16.0
-3.62,-41.07,745.0
-11.547494,-41.151165,988.0
-19.992565,-47.76581,539.0
-0.97416663,-62.92861,34.0
-20.034803,-48.930435,542.0
-2.0,-54.07639,60.0
-18.42,-42.78,656.0
-7.52,-63.03,55.0
-31.43,-53.1,351.0
-20.315834,-40.317223,2.0
-19.00461,-57.672337,143.0
-22.98,-43.53,85.0
-21.546686,-43.261044,443.0
-23.53,-46.25,739.0
-11.311389,-41.858612,751.0
-28.92,-51.9,361.0
-3.2141666,-52.213055,87.0
-22.750278,-45.60389,1701.0
-8.02,-34.85,1.0
-23.42,-45.65,671.0
-19.936468,-40.592525,681.0
-24.671656,-47.545895,44.0
-21.2,-50.43,390.0
-22.77,-43.45,101.0
-29.72,-52.42,140.0
-22.45111,-44.44472,422.0
-32.078808,-52.167725,6.0
-22.95,-53.12,391.0
-8.72,-67.38,108.0
-16.37,-45.07,466.0
-22.87,-43.45,36.0
-20.439722,-49.983612,479.0
-8.370701,-36.707813,656.0
-22.23,-54.98,406.0
-11.172778,-40.53417,465.0
-15.673259,-38.961052,5.0
-20.38532,-41.189472,798.0
-11.42,-58.73,323.0
-5.1905556,-40.67361,297.0
-20.52612,-41.90913,885.0
-6.561813,-35.135315,130.0
-15.946389,-47.884167,1130.0
-13.005834,-38.505833,10.0
-25.98,-49.68,819.0
-22.314444,-45.373055,1325.0
-15.086015,-44.016224,453.0
-15.776,-56.072,201.0
-8.6,-38.57,324.0
-29.8,-51.82,19.0
-5.3661113,-49.12528,99.0
-9.625699,-42.077217,395.0
-4.2180557,-44.775833,18.0
-24.93,-53.43,737.0
-21.17,-48.9,551.0
-22.846945,-42.185555,3.0
-5.213412,-37.312164,48.0
-14.072778,-42.48722,909.0
-23.83,-46.37,125.0
-2.6422222,-54.94389,168.0
-6.0063887,-40.29972,400.0
-7.8794446,-40.091946,455.0
-4.95,-66.9,78.0
-7.23,-44.55,193.0
-17.739445,-39.25861,0.0
-21.13,-42.33,212.0
-19.737223,-47.949722,751.0
-9.551389,-35.770832,78.0
-10.21376,-36.842197,24.0
-26.25,-53.62,758.0
-7.2,-39.32,389.0
-7.095278,-34.84861,9.0
-30.52,-53.48,421.0
-12.402223,-46.43833,596.0
-14.8,-39.07,11.0
-2.885772,-40.114075,20.0
-25.1,-50.17,922.0
-10.190897,-48.301823,275.0
-22.88,-43.3,33.0
-19.87423,-40.87296,180.0
-12.88,-38.68,14.0
-29.37,-50.8,851.0
-3.269212,-45.65101,36.0
-6.0330553,-44.233334,178.0
-22.72,-44.53,1404.0
-4.853611,-37.77722,13.0
-22.9,-47.08,697.0
-19.82,-40.25,64.0
-13.45,-49.17,387.0
-4.08534,-63.145145,35.0
-21.980278,-47.88389,842.0
-22.635765,-43.900654,411.0
-21.681465,-45.94082,858.0
-9.066112,-44.365276,296.0
-9.07,-38.32,302.0
-4.276111,-41.794445,155.0
-22.4,-43.67,427.0
-21.23,-45.0,880.0
-1.08,-46.9,30.0
-11.101389,-38.524166,139.0
-10.710834,-48.406387,250.0
-9.83,-39.88,451.0
-0.727797,-48.515793,12.0
-20.72,-48.55,610.0
-17.798813,-40.249924,190.0
-28.228611,-52.411945,667.0
-0.12527777,-67.06111,73.0
-23.470982,-46.533558,730.0
-22.920652,-42.83,3.0
-9.162012,-35.29988,11.0
-15.53,-53.08,425.0
-23.45,-45.87,802.0
0.07,-68.23,74.0
-22.27,-48.12,697.0
-23.325556,-51.141666,566.0
-19.68,-44.77,704.0
-27.802109,-50.335567,920.0
-2.5266666,-44.21361,51.0
-20.63,-51.1,347.0
-19.719444,-45.3675,663.0
-20.794867,-51.71352,326.0
-22.72,-47.55,573.0
-11.002765,-44.52496,446.0
-22.300371,-53.822895,370.0
-24.25,-49.7,838.0
-25.502846,-50.637608,896.0
-20.20108,-50.920372,425.0
-19.5,-42.63,252.0
-20.95,-48.48,560.0
-14.406111,-56.446945,294.0
-2.5158334,-66.10083,60.0
-22.73,-43.3,3.0
-23.38,-46.63,890.0
-5.15103,-36.57313,17.0
-9.285833,-43.324444,522.0
-20.27,-42.05,651.0
-20.584314,-47.382427,997.0
-16.58,-42.9,674.0
-23.6,-46.93,831.0
-3.3802779,-64.72528,56.0
-29.12,-56.53,53.0
-23.92,-46.42,6.0
-25.4,-51.47,1067.0
-4.2769446,-55.993057,14.0
-15.215101,-48.985332,641.0
-30.33,-54.32,112.0
-19.020355,-43.43395,651.0
-28.48,-48.8,0.0
-13.470834,-52.27111,405.0
-23.43,-45.1,9.0
-22.45,-44.83,756.0
-16.686333,-43.843758,631.0
-23.77,-45.8,16.0
-31.802526,-52.406868,8.0
-22.38,-41.77,0.0
-22.52,-43.18,949.0
-15.915229,-46.10712,512.0
-9.378106,-38.226772,242.0
-3.1369445,-58.44278,22.0
-31.305555,-54.119446,245.66
-27.1,-48.93,32.0
-1.680277,-50.478035,9.0
-22.119873,-51.408623,420.0
-15.549167,-47.33889,944.0
-22.6,-45.17,634.0
-18.02,-41.02,329.0
-4.261389,-38.93111,860.0
-21.37,-46.53,1006.0
-22.45,-52.97,250.0
-7.7,-35.67,515.0
-2.2397223,-49.49972,6.0
-7.85,-41.9,301.0
-22.921944,-43.686943,13.0
-22.895555,-43.184723,12.0
-19.605556,-46.949722,1031.0
-18.87,-48.87,746.0
-19.823889,-43.144165,842.0
-4.97,-39.02,188.0
-22.52,-44.1,411.0
-20.447252,-54.72264,522.0
-21.76999,-43.364326,853.0
-30.543056,-52.524723,422.0
-29.724796,-53.720467,101.0
-22.25,-42.52,1039.0
-7.0536113,-37.273888,248.0
-16.00956,-41.28103,684.0
-13.03,-58.28,386.0
-21.43,-48.82,512.0
-25.02,-47.93,17.0
-10.191667,-54.94611,289.0
-8.160277,-70.76861,168.0
-27.45,-53.93,435.0
-22.45,-42.93,911.0
-8.441667,-43.865555,274.0
-22.57,-44.95,523.0
-21.12,-42.95,359.0
-17.244152,-46.88172,693.0
-16.47,-49.28,780.0
-21.3,-40.98,7.0
-26.25,-48.65,3.0
-30.842617,-55.61307,318.0
-21.918139,-46.382977,1084.0
-26.82,-49.27,82.0
-22.28,-46.37,916.0
-8.059167,-34.959167,12.0
-15.25,-45.27,720.0
-15.1,-44.1,452.0
-11.75,-49.08,299.0
-9.7491665,-37.430832,13.0
-23.05,-43.6,1.0
-11.48,-37.93,174.0
-10.4425,-39.330833,450.0
-14.697917,-52.350227,324.0
-28.55,-50.7,947.0
-17.533009,-43.012093,727.0
-20.92,-51.38,372.0
-21.53,-42.63,298.0
2.8294444,-60.661945,65.0
-28.28,-53.48,457.0
-27.85,-55.02,115.0
-20.173283,-44.87474,784.0
-26.1,-49.8,813.0
-23.48,-47.426666,585.0
0.7,-51.45,94.0
-5.536521,-47.478943,127.0
-23.25,-45.7,712.0
-24.085556,-52.386665,623.0
-17.860277,-41.5075,347.0
-27.0,-48.63,6.0
-28.82,-51.28,763.0
-29.75,-50.75,107.0
-21.968056,-42.003056,668.0
-29.88,-54.78,103.0
-12.155843,-45.00827,448.0
-15.628447,-46.422558,557.0
-19.02,-40.57,142.0
-14.2975,-43.77139,449.0
-16.27,-47.93,962.0
-18.95,-47.0,935.0
-21.38,-42.68,211.0
-23.12,-45.13,795.0
-29.18,-54.88,390.0
-8.17,-35.18,245.0
-16.8489,-42.06091,319.0
-23.58,-48.05,669.0
-21.85,-45.3,932.0
-12.58,-54.75,317.0
-22.1,-56.53,195.0
-23.35,-47.85,604.0
-7.300925,-39.271107,419.0
-23.37,-47.87,566.0
-11.272334,-37.79497,206.0
-4.328706,-41.72169,177.0
-22.382805,-44.966904,950.0
-19.836926,-42.648655,287.0
-17.93,-40.28,167.0
-12.148611,-38.425278,127.0
-23.264627,-47.299744,594.0
-23.416697,-45.114372,27.0
2.05,-50.8,10.0
0.62,-51.78,94.0
-20.55,-48.57,545.0
-1.4358333,-48.43722,16.0
-23.62,-49.57,561.0
-9.63,-36.33,171.0
-19.9,-43.67,979.0
-27.18,-52.05,695.0
-20.38,-43.5,1194.0
-22.63,-44.65,491.0
-5.653333,-35.425835,55.0
-9.388611,-40.523335,369.0
-7.610736,-72.68132,213.0
-12.97,-38.5,46.0
-19.52,-42.62,257.0
-22.17,-46.73,908.0
-14.886389,-40.801388,881.0
-5.6266665,-37.815,109.0
-5.817732,-61.290737,40.0
-21.537222,-42.16083,96.0
-0.04499999,-51.11,15.0
-15.854722,-48.96611,799.0
-27.45,-51.9,427.0
-22.7125,-42.646667,57.0
-27.88,-53.43,560.0
-2.42,-54.33,2.0
-24.786945,-49.99917,995.0
-3.760131,-49.66658,8.0
-18.63,-48.18,952.0
-5.5063887,-45.23722,150.0
-7.261389,-64.79,63.0
-4.8672223,-43.356667,92.0
1.03,-67.53,94.0
-18.519722,-46.439167,961.0
-5.0347223,-42.801388,70.0
-22.52,-44.0,383.0
-20.38,-42.87,527.0
-23.58,-46.6,737.0
-22.9,-43.18,24.0
-23.22,-45.85,587.0
0.6022222,-69.19278,110.0
-23.15,-49.97,447.0
-27.87,-54.43,339.0
-22.965834,-43.279446,356.0
-15.95,-44.87,476.0
-22.97,-43.22,6.0
-19.62,-43.22,813.0
1.8325,-61.120834,51.0
-17.32,-53.2,748.0
-20.7625,-42.863888,698.0
-29.43,-51.95,42.0
-19.885422,-44.41689,778.0
-21.62,-41.77,22.0
-7.8297224,-38.122223,1086.0
-24.08,-54.25,248.0
-3.17,-59.73,9.0
-5.82,-35.33,8.0
-9.07,-68.67,142.0
-21.98963,-44.938583,935.0
-23.12,-47.72,523.0
-22.87139,-43.425,37.0
-22.87,-48.45,809.0
-22.53,-44.57,473.0
-7.55,-34.98,4.0
-17.23,-42.58,563.0
-15.62,-56.10889,154.0
-18.952915,-49.52507,533.0
-29.68,-55.52,112.0
-12.97,-39.27,208.0
-9.92,-58.27,238.0
-28.88,-49.52,4.0
-21.203888,-41.905556,117.0
-6.85,-35.48,107.0
-7.103778,-48.20133,225.0
-28.275639,-49.93464,1379.0
-20.02,-44.35,770.0
-15.789722,-47.925835,1148.0
-0.42,-65.03,35.0
-6.661667,-69.867775,120.0
-27.383888,-51.21611,944.0
-12.015278,-48.545,240.0
-22.73,-45.58,1657.0
-25.010834,-50.85361,817.0
-26.4,-49.38,811.0
-30.020277,-51.224724,4.0
-23.93,-46.33,43.0
-21.7425,-41.33278,11.0
-19.9,-43.92,824.0
-1.905,-55.523613,22.0
-20.750555,-41.488888,135.0
-3.4697223,-42.268055,35.0
-19.48454,-44.173798,749.0
-22.77,-43.68,17.0
-23.52,-46.22,745.0
-12.53,-38.3,34.0
-22.97,-45.48,582.0
-22.58,-43.5,143.0
-23.65,-46.62,800.0
-27.05,-50.93,1081.0
-21.67,-47.5,637.0
-6.123889,-36.811943,326.0
-3.8152778,-38.537777,31.0
-6.4675,-37.085,173.0
-14.949727,-46.235794,850.0
-14.37,-44.45,591.0
-21.22613,-44.979668,901.0
-26.48,-51.98,1094.0
-3.73,-38.55,24.0
-7.2255554,-35.904724,527.0
-22.92,-43.18,42.0
-27.17,-51.45,778.0
-12.196111,-38.96722,239.0
-26.47,-49.08,97.0
-20.46611,-41.412224,590.0
-28.33,-49.33,174.0
-22.97,-43.25,244.0
-15.8275,-54.395557,351.0
-13.22,-56.27,348.0
-21.23962,-43.78146,1106.0
-15.78,-47.93,1152.0
-25.55,-54.57,216.0
-22.6,-44.47,581.0
-1.45,-61.63,22.0
-28.83,-52.52,695.0
-22.57,-47.42,612.0
-22.65,-50.42,577.0
-1.6613889,-45.371944,26.0
-21.25,-48.3,567.0
-17.349167,-44.921665,503.0
-18.842607,-41.90357,151.0
-22.022223,-42.364445,518.0
-27.169273,-51.558964,762.0
-18.72611,-49.56222,612.0
-25.536112,-48.52833,7.0
-7.839628,-35.801056,421.0
-23.38,-46.63,890.0
-18.988611,-56.622776,103.0
-14.73,-43.97,473.0
-9.55,-37.02,197.0
0.17,-69.93,156.0
-25.87,-50.38,792.0
-20.03111,-46.00889,681.0
-7.8944445,-37.12472,608.0
-3.08668,-41.78314,48.0
-13.332407,-44.617374,536.0
-21.45,-43.55,887.0
-19.934381,-43.952293,894.0
-29.164589,-51.534103,590.0
-21.18,-47.72,583.0
-18.409721,-49.191944,477.0
-21.935833,-42.60611,331.0
-22.97,-45.55,558.0
-4.378611,-70.03,74.0
-14.08907,-46.36653,792.0
-21.32,-46.37,871.0
-22.55246,-55.716316,662.0
-22.58,-43.35,95.0
-15.939722,-50.141945,533.0
-11.084858,-43.138996,408.0
-23.0,-44.03,6.0
-14.25,-59.25,659.0
-7.529423,-46.04632,256.0
-12.62,-38.67,7.0
-7.73,-35.25,103.0
-22.7,-44.32,518.0
-17.1,-43.8,684.0
-2.63,-56.73,13.0
-17.740278,-46.176945,791.0
-28.65,-56.0,94.0
-22.82,-43.22,1.0
-18.713888,-39.84889,29.0
-21.18,-47.8,553.0
-3.103889,-60.015556,55.0
-19.228937,-45.001335,689.0
-15.448054,-44.36632,476.0
-7.35,-57.52,260.0
-16.049639,-57.680824,123.0
-29.350277,-49.733334,6.0
0.9,-52.02,99.0
-6.4263887,-36.79139,225.0
-6.761667,-43.003334,130.0
-23.083578,-48.911716,819.0
-23.95,-48.88,710.0
-7.076667,-40.39,578.0
-17.859776,-42.852646,967.0
-20.699774,-44.819904,993.0
-29.196112,-51.18639,697.0
-32.15,-52.1,0.0
-26.92,-49.05,99.0
-17.785278,-50.96472,771.0
